,created_at,text,author_id,id,lang
0,2022-06-28T13:23:00.000Z,"For all your plumbing needs
https://t.co/IMB5ILPvfP

#MachineLearning #DataScience #SQL #Cybersecurity #BigData #Analytics #AI #IIoT #Python #RStats #TensorFlow #JavaScript #ReactJS #CloudComputing #Serverless #DataScientist #Linux #Programming #Coding #100DaysofCode #NodeJS #IoT",1533742158943256577,1541774165950500864,en
1,2022-06-28T13:22:50.000Z,"For all your plumbing needs
https://t.co/nj7hCife8p

#MachineLearning #DataScience #SQL #Cybersecurity #BigData #Analytics #AI #IIoT #Python #RStats #TensorFlow #JavaScript #ReactJS #CloudComputing #Serverless #DataScientist #Linux #Programming #Coding #100DaysofCode #NodeJS #IoT",1449230846418771973,1541774123147218944,en
2,2022-06-28T13:22:22.000Z,"Most useful Linux Networking Commands ‚ñ∂Ô∏è
#Analytics #BigData #AI #Python #Rstats #Reactjs #IoT #IIoT #MachineLearning #Serverless
#flutter #TensorFlow #javascript #Linux #cybersecurity #Cloud #programming #CodeNewbie
#Coding #100DaysOfCode
https://t.co/JCZv5MJ8Fu https://t.co/ZaLDHyvJC5",1155470031225884675,1541774007166328833,en
3,2022-06-28T13:21:32.000Z,"100%OFF #UdemyCoupon Code For Today 28/06/2022 Daily Update  https://t.co/AGWbx8YAoa

#MachineLearning. #BigData #Analytics #DataScience #AI #IoT #IIoT #Python #RStats #TensorFlow #Java #JavaScript #ReactJS #CloudComputing #DataScientist #Linux #Programming #Coding #100DaysofCode",1465789687046578180,1541773796666970114,en
4,2022-06-28T13:21:28.000Z,"For all your plumbing needs
https://t.co/lfb20S03aC

#MachineLearning #DataScience #SQL #Cybersecurity #BigData #Analytics #AI #IIoT #Python #RStats #TensorFlow #JavaScript #ReactJS #CloudComputing #Serverless #DataScientist #Linux #Programming #Coding #100DaysofCode #NodeJS #IoT",1488487086118215683,1541773778983653376,en
5,2022-06-28T13:21:16.000Z,"[100%OFF] Instagram For Beginners Who Don‚Äôt Like Social Media https://t.co/OkwPujlJJ3

#MachineLearning #BigData #Analytics #DataScience #AI #IoT #IIoT #Python #RStats #TensorFlow #Java #JavaScript #ReactJS #CloudComputing #DataScientist #Linux #Programming #Coding #100DaysofCode",1465789687046578180,1541773727544889346,en
6,2022-06-28T13:21:00.000Z,"Cellular Noise Octaves

#javaprogramming #learnprogramming #100daysofcode #codingdays  #programmingisfun #javascript #buildtheweb #worldcode #codingdays  #ui #unity #gamedevelopment #codinglife #softwaredeveloper #coding #programmer #javascript #python #Java https://t.co/Fo4t1ld0tx",1484060018123362307,1541773661274869762,ca
7,2022-06-28T13:20:51.000Z,"Get Free Media Coverage by Collaborating with Journalists https://t.co/FSMqL2TdTd

#MachineLearning. #BigData #Analytics #DataScience #AI #IoT #IIoT #Python #RStats #TensorFlow #Java #JavaScript #ReactJS #CloudComputing #DataScientist #Linux #Programming #Coding #100DaysofCode",1465789687046578180,1541773623182106629,en
8,2022-06-28T13:20:29.000Z,"[100%OFF] PHP for Beginners: PDO Crash Course 2022 https://t.co/uXcUlanwqH

#MachineLearning. #BigData #Analytics #DataScience #AI #IoT #IIoT #Python #RStats #TensorFlow #Java #JavaScript #ReactJS #CloudComputing #DataScientist #Linux #Programming #Coding #100DaysofCode",1465789687046578180,1541773532245491718,en
9,2022-06-28T13:20:05.000Z,"[100%OFF] Open-Source Intelligence (OSINT) https://t.co/MC4XbgBSTt

#MachineLearning. #BigData #Analytics #DataScience #AI #IoT #IIoT #Python #RStats #TensorFlow #Java #JavaScript #ReactJS #CloudComputing #DataScientist #Linux #Programming #Coding #100DaysofCode",1465789687046578180,1541773433255727104,en
10,2022-06-28T13:19:44.000Z,"[100%OFF] Complete WordPress Website Developer Course https://t.co/HM0elfWPVG

#MachineLearning. #BigData #Analytics #DataScience #AI #IoT #IIoT #Python #RStats #TensorFlow #Java #JavaScript #ReactJS #CloudComputing #DataScientist #Linux #Programming #Coding #100DaysofCode",1465789687046578180,1541773344269279232,en
11,2022-06-28T13:19:21.000Z,"[100%OFF] AutoCAD 2D and 3D Masterclass https://t.co/UP7XwEanGF

#MachineLearning. #BigData #Analytics #DataScience #AI #IoT #IIoT #Python #RStats #TensorFlow #Java #JavaScript #ReactJS #CloudComputing #DataScientist #Linux #Programming #Coding #100DaysofCode",1465789687046578180,1541773248974782465,en
12,2022-06-28T13:18:56.000Z,"Leadership for Managers: Step Up from Manager to Leader https://t.co/fRfQNwmKYd

#MachineLearning. #BigData #Analytics #DataScience #AI #IoT #IIoT #Python #RStats #TensorFlow #Java #JavaScript #ReactJS #CloudComputing #DataScientist #Linux #Programming #Coding #100DaysofCode",1465789687046578180,1541773140786814976,en
13,2022-06-28T13:15:51.000Z,"#FEATURED #COURSES
Complete #Python #Developer in 2022: Zero to Mastery
How to become a #Python3 Developer and get hired
Build 12+ projects
learn #Web #Development
#Machine #Learning + more
https://t.co/vRkg9EK8Sw
#CodeNewbies #100DaysOfCode #webdevelopment #WomenWhoCode #online https://t.co/rFN2tCZdEh",134434122,1541772367520845824,en
14,2022-06-28T13:15:07.000Z,"Exclusive Handmade Jewelry, earrings, and a lot more at 20% off
https://t.co/yO8rHu7Oki

#MachineLearning¬†¬†#Python¬†#DataScience¬†#innovation¬†#IoT¬†#Industry40¬†#DigitalMarketing¬†#CyberSecurity¬†#coding¬†#NodeJS¬†#javascript¬†#django¬†#100DaysOfCode¬†#Tech¬†#programming¬†#Bitcoin¬†#NFT https://t.co/RPZiwKJtcN",1511932634393640964,1541772180719292416,en
15,2022-06-28T13:14:28.000Z,"Can you Survive with just one social media Account? 
https://t.co/luafOFgyqT 
#ArtificialIntelligence #MachineLearning #Python #DataScience #innovation #IoT #Industry40 #DigitalMarketing #CyberSecurity #coding #NodeJS #javascript #django #100DaysOfCode #Tech #programming #Bitcoin https://t.co/g1Uwsa6KJ4",1511932634393640964,1541772016294187008,en
16,2022-06-28T13:14:12.000Z,"We deliver unique work üåè   
 üåª DM for value-based services  
 #Essaypay 
 #Paper pay 
 #Philosophy  
 #Homework 
 #Case study 
 #python
 #100DaysOfCode 
 #Math
 #Math 
 #Essay help 
 #homework 
 #Econometrics 
 üçë 
 üíÉ 

 https://t.co/MrEPSqHB5x",1343372118,1541771951789572096,en
17,2022-06-28T13:14:02.000Z,"TREE PRUNING
https://t.co/UVcJfOGsZg

#MachineLearning #DataScience #SQL #Cybersecurity #BigData #Analytics #AI #IIoT #Python #RStats #TensorFlow #JavaScript #ReactJS #CloudComputing #Serverless #DataScientist #Linux #Programming #Coding #100DaysofCode #NodeJS #GitHub #IoT",1495653809317892099,1541771911088451585,en
18,2022-06-28T13:13:54.000Z,"TREE PRUNING
https://t.co/NcSgzX4WH2

#MachineLearning #DataScience #SQL #Cybersecurity #BigData #Analytics #AI #IIoT #Python #RStats #TensorFlow #JavaScript #ReactJS #CloudComputing #Serverless #DataScientist #Linux #Programming #Coding #100DaysofCode #NodeJS #GitHub #IoT",1498895274898771970,1541771875768217606,en
19,2022-06-28T13:13:48.000Z,"TREE PRUNING
https://t.co/lSFdNBUzNw

#MachineLearning #DataScience #SQL #Cybersecurity #BigData #Analytics #AI #IIoT #Python #RStats #TensorFlow #JavaScript #ReactJS #CloudComputing #Serverless #DataScientist #Linux #Programming #Coding #100DaysofCode #NodeJS #GitHub #IoT",1497089425313964035,1541771849318576128,en
20,2022-06-28T13:13:42.000Z,"TREE PRUNING
https://t.co/9mfwN7uvQ6

#MachineLearning #DataScience #SQL #Cybersecurity #BigData #Analytics #AI #IIoT #Python #RStats #TensorFlow #JavaScript #ReactJS #CloudComputing #Serverless #DataScientist #Linux #Programming #Coding #100DaysofCode #NodeJS #GitHub #IoT",1497962215617425411,1541771824454807552,en
21,2022-06-28T13:13:36.000Z,"TREE PRUNING
https://t.co/pVRw8HDGxW

#MachineLearning #DataScience #SQL #Cybersecurity #BigData #Analytics #AI #IIoT #Python #RStats #TensorFlow #JavaScript #ReactJS #CloudComputing #Serverless #DataScientist #Linux #Programming #Coding #100DaysofCode #NodeJS #GitHub #IoT",1533742158943256577,1541771799146672131,en
22,2022-06-28T13:13:27.000Z,"TREE PRUNING
https://t.co/IAeYBS6Vck

#MachineLearning #DataScience #SQL #Cybersecurity #BigData #Analytics #AI #IIoT #Python #RStats #TensorFlow #JavaScript #ReactJS #CloudComputing #Serverless #DataScientist #Linux #Programming #Coding #100DaysofCode #NodeJS #GitHub #IoT",1449230846418771973,1541771761456254976,en
23,2022-06-28T13:13:04.000Z,"TREE PRUNING
https://t.co/ZY7AcCnaZC

#MachineLearning #DataScience #SQL #Cybersecurity #BigData #Analytics #AI #IIoT #Python #RStats #TensorFlow #JavaScript #ReactJS #CloudComputing #Serverless #DataScientist #Linux #Programming #Coding #100DaysofCode #NodeJS #GitHub #IoT https://t.co/8BQdWn4ohz",1488487086118215683,1541771663888437249,en
24,2022-06-28T13:12:34.000Z,"The ultimate power ;

#programming #code #developer #Python #javascript #development #DEVCommunity #100DaysOfCode https://t.co/W8A0VkoKGP",1418637452491771907,1541771538696994816,en
25,2022-06-28T13:10:30.000Z,"Day 5 of #100DaysOfCode in Python.
Created a Complex Password Generator so your accounts remain safe! Hit 'Run Example' to Start
https://t.co/MLA360QCEC",1391513696,1541771021505957888,en
26,2022-06-28T13:10:26.000Z,"""Success is stumbling from failure to failure with no loss of enthusiasm.""- Winston Churchill #softwareengineer #javascript #python #C++ #golang #nodejs #reactjs #stockopertor #highgrowthstocks $SPX $QQQ $RUT $VIX #canslim #100DaysOfCode",1243665419501744133,1541771002383945735,en
27,2022-06-28T13:10:00.000Z,"#Hiring?
Sign up now https://t.co/o7lVlsl75X
FREE. NO MIDDLEMEN.
#Robotics #AIEthics #MachineLearning #AI #Python #DataScience #BigData #100DaysOfCode #Robots #fintech #insurtech #cybersecurity #blockchain #Bitcoin #coding #Cryptos #NFTGame #Job #Metaverse #ETH #Python #HR #DeFi https://t.co/zl3DkMdOFD",1332714745871421443,1541770893097160705,en
28,2022-06-28T13:09:48.000Z,"What is the best website or resource out there to learn how to ""automate the boring stuff with python""

#Python #100DaysOfCode #webdevelopment #pythonlearning",1540514476918771712,1541770843268816896,en
29,2022-06-28T13:09:31.000Z,"#Metaverse #Web3 Five questions business leaders should be asking about Web3 - Fast Company https://t.co/RtsZmvOY7z

#Blockchain #Crypto #Web3 #NFTs #VR #DataScience #BigData #Python #AI #innovation #Programming #flutter #Serverless #NLP #Rstats #100DaysOfCode #MachineLearning ‚Ä¶",738752276836306944,1541770773290950656,en
30,2022-06-28T13:09:31.000Z,"#Metaverse #Web3 KPMG enters the metaverse, invests $30M in Web3 employee training - Cointelegraph https://t.co/nZ8jvV5WMJ

#Blockchain #Crypto #Web3 #NFTs #VR #DataScience #BigData #Python #AI #innovation #Programming #flutter #Serverless #NLP #Rstats #100DaysOfCode #MachineLe‚Ä¶",738752276836306944,1541770770552131585,en
31,2022-06-28T13:09:30.000Z,"professional movers
https://t.co/7Fqwwwolb7

#MachineLearning #DataScience #SQL #Cybersecurity #BigData #Analytics #AI #IIoT #Python #RStats #TensorFlow #JavaScript #ReactJS #CloudComputing #Serverless #DataScientist #Linux #Programming #Coding #100DaysofCode #NodeJS #GitHub #IoT",1495653809317892099,1541770768144826368,en
32,2022-06-28T13:09:26.000Z,"professional movers
https://t.co/6EbzVE0wJz

#MachineLearning #DataScience #SQL #Cybersecurity #BigData #Analytics #AI #IIoT #Python #RStats #TensorFlow #JavaScript #ReactJS #CloudComputing #Serverless #DataScientist #Linux #Programming #Coding #100DaysofCode #NodeJS #GitHub #IoT",1498895274898771970,1541770750096715776,en
33,2022-06-28T13:09:21.000Z,"professional movers
https://t.co/vlyvFoiI2d

#MachineLearning #DataScience #SQL #Cybersecurity #BigData #Analytics #AI #IIoT #Python #RStats #TensorFlow #JavaScript #ReactJS #CloudComputing #Serverless #DataScientist #Linux #Programming #Coding #100DaysofCode #NodeJS #GitHub #IoT",1497089425313964035,1541770729653293056,en
34,2022-06-28T13:09:15.000Z,"professional movers
https://t.co/IvV28W9oAk

#MachineLearning #DataScience #SQL #Cybersecurity #BigData #Analytics #AI #IIoT #Python #RStats #TensorFlow #JavaScript #ReactJS #CloudComputing #Serverless #DataScientist #Linux #Programming #Coding #100DaysofCode #NodeJS #GitHub #IoT",1497962215617425411,1541770706945318918,en
35,2022-06-28T13:08:55.000Z,"professional movers
https://t.co/HZyuruhFD8

#MachineLearning #DataScience #SQL #Cybersecurity #BigData #Analytics #AI #IIoT #Python #RStats #TensorFlow #JavaScript #ReactJS #CloudComputing #Serverless #DataScientist #Linux #Programming #Coding #100DaysofCode #NodeJS #GitHub #IoT",1533742158943256577,1541770620496920577,en
36,2022-06-28T13:08:52.000Z,"Tip: Today is the first time I have used the map function in #Python. 

It allows you to iterate each item in a list (for example) with a function, rather than creating a for loop. You can then convert the result to a list.

The below adds 10 to each list item.

#100DaysOfCode https://t.co/RZ1UK5LEp8",1453438585672290309,1541770609058877442,en
37,2022-06-28T13:08:51.000Z,"professional movers
https://t.co/8vKd1TCIDo

#MachineLearning #DataScience #SQL #Cybersecurity #BigData #Analytics #AI #IIoT #Python #RStats #TensorFlow #JavaScript #ReactJS #CloudComputing #Serverless #DataScientist #Linux #Programming #Coding #100DaysofCode #NodeJS #GitHub #IoT",1449230846418771973,1541770602574254080,en
38,2022-06-28T13:08:42.000Z,"professional movers
https://t.co/I07Ji1ymOH

#MachineLearning #DataScience #SQL #Cybersecurity #BigData #Analytics #AI #IIoT #Python #RStats #TensorFlow #JavaScript #ReactJS #CloudComputing #Serverless #DataScientist #Linux #Programming #Coding #100DaysofCode #NodeJS #GitHub #IoT https://t.co/lENNHw7Qkn",1488487086118215683,1541770565375078400,en
39,2022-06-28T13:08:38.000Z,"Best SMM services provider in USA 
https://t.co/luafOFgyqT
#MachineLearning #python #IoT #100DaysOfCode #programming #CodeNewbie #reactjs #bugbounty #DataScience #gamedev #BigData #Analytics #NeuralNetworks #Cloud #OpenSource #AI #DEVCommunity https://t.co/ltoBzpcvMn",1511932634393640964,1541770548652683265,en
40,2022-06-28T13:08:00.000Z,"Biometrics Commissioner‚Äôs data ideas

https://t.co/35VXduTvRm 

üìå #Metaverse #payments #analytics #digital #Python #flutter #marketing #JavaScript #IoT #100DaysofCode #bot #blockchain #fintech #insurtech #finserv #neobanks #GovTech #WomenInTech  #twitme #coding #AI #DataScience",75673231,1541770389726052352,en
41,2022-06-28T13:07:52.000Z,#Fresh #House #Bass #EDM #release by FACTmagazine | #Retweet #AI #rtitbot '@BlazedRTs '@RexRTs '@sme_rt #php #react #python #nodejs #flutter #webdev #100daysofcode #sound #design #coding | #Buy the #music https://t.co/1i1llzwyiJ,1949360875,1541770356104450048,en
42,2022-06-28T13:05:38.000Z,"Affordable plumbing service
https://t.co/mFLBL9E2Bb

#BigData #Analytics #AI #MachineLearning #DataScience #IoT #IIoT #Python #RStats #TensorFlow #JavaScript #ReactJS #CloudComputing #Serverless #DataScientist #Linux #Mathematics #Programming #Coding #100DaysofCode",1495653809317892099,1541769794084806656,en
43,2022-06-28T13:05:32.000Z,"Affordable plumbing service
https://t.co/eeyMX67QTE

#BigData #Analytics #AI #MachineLearning #DataScience #IoT #IIoT #Python #RStats #TensorFlow #JavaScript #ReactJS #CloudComputing #Serverless #DataScientist #Linux #Mathematics #Programming #Coding #100DaysofCode",1498895274898771970,1541769768688316417,en
44,2022-06-28T13:05:24.000Z,"Affordable plumbing service
https://t.co/RVpTet95FG

#BigData #Analytics #AI #MachineLearning #DataScience #IoT #IIoT #Python #RStats #TensorFlow #JavaScript #ReactJS #CloudComputing #Serverless #DataScientist #Linux #Mathematics #Programming #Coding #100DaysofCode",1497089425313964035,1541769735561281536,en
45,2022-06-28T13:05:19.000Z,"Affordable plumbing service
https://t.co/jiL3sbFpv5

#BigData #Analytics #AI #MachineLearning #DataScience #IoT #IIoT #Python #RStats #TensorFlow #JavaScript #ReactJS #CloudComputing #Serverless #DataScientist #Linux #Mathematics #Programming #Coding #100DaysofCode",1497962215617425411,1541769716892520448,en
46,2022-06-28T13:05:18.000Z,"#100DaysOfCode day 48: Started my next #p5js project, working all morning on #CSS and #HTML, savint the #javascript for tomorrow. After lunch I learned about for loops in #Python .

#PHP #SQL #generativeart #generativecode #webdevelopment #Webdesign #FullStackDeveloper https://t.co/qgBvkHAh3P",309934262,1541769712312410114,en
47,2022-06-28T13:05:12.000Z,"Affordable plumbing service
https://t.co/pVioU7k6u2

#BigData #Analytics #AI #MachineLearning #DataScience #IoT #IIoT #Python #RStats #TensorFlow #JavaScript #ReactJS #CloudComputing #Serverless #DataScientist #Linux #Mathematics #Programming #Coding #100DaysofCode",1533742158943256577,1541769685829840896,en
48,2022-06-28T13:05:07.000Z,"Affordable plumbing service
https://t.co/0zbS54QBgf

#BigData #Analytics #AI #MachineLearning #DataScience #IoT #IIoT #Python #RStats #TensorFlow #JavaScript #ReactJS #CloudComputing #Serverless #DataScientist #Linux #Mathematics #Programming #Coding #100DaysofCode   #Analytics",1449230846418771973,1541769666082705408,en
49,2022-06-28T13:05:01.000Z,"Affordable plumbing service
https://t.co/UtfFgk5KEJ

#BigData #Analytics #AI #MachineLearning #DataScience #IoT #IIoT #Python #RStats #TensorFlow #JavaScript #ReactJS #CloudComputing #Serverless #DataScientist #Linux #Mathematics #Programming #Coding #100DaysofCode https://t.co/LTKuxCWm0J",1488487086118215683,1541769639331364864,en
50,2022-06-28T13:04:47.000Z,"Are you in trouble with #pycharm? 
Check this post and let me know if I can help you in the comments! 

https://t.co/i0FAcVJOBo

#programming #Python #blog #Blogs #pythonprogramming #100DaysOfCode #100daysofcodechallenge #learning #tutorial",1529052664251678721,1541769582167429122,en
51,2022-06-28T13:04:00.000Z,"We deliver unique work üéí   
 üï∫ DM for value-based services  
 #Philosophy  
 #homework 
 #python 
 #Essaypay
 #Onlineclass 
 #homework
 #homework 
 #100DaysOfCode
 #Onlineclass 
 #Math 
 #javascript 
 #Onlineclass 
 ‚ö†Ô∏è 
 üöó 

 https://t.co/MrEPSqHB5x",1343372118,1541769386087682048,en
52,2022-06-28T13:02:36.000Z,"@amazon Re: Mars highlights: Ambient intelligence, multi-faceted Alexa and more!
@ipfconline1 @grattonboy @gp_pulipaka 

#BigData #Analytics #DataScience #AI #IoT #IIoT #Python #RStats #JavaScript #ReactJS #CloudComputing #Serverless #Linux #Programming #Coding #100DaysofCode https://t.co/k9QiwfC80w",908230076,1541769030540730368,en
53,2022-06-28T13:02:07.000Z,"STUMP REMOVAL
https://t.co/rWxfuRNibg

#MachineLearning #DataScience #SQL #Cybersecurity #BigData #Analytics #AI #IIoT #Python #RStats #TensorFlow #JavaScript #ReactJS #CloudComputing #Serverless #DataScientist #Linux #Programming #Coding #100DaysofCode #NodeJS #GitHub #IoT",1495653809317892099,1541768911477436416,en
54,2022-06-28T13:02:02.000Z,"Find out how to #read and #write #CSV files with a few simple lines of #Python!
https://t.co/tV2D6fhTy9

#development #developers #programming #programmers #Python3 #learning #LearningAndDevelopment #blog #Blogs #tutorial #100DaysOfCode #100daysofcodechallenge #pythoncode",4860695419,1541768889268420608,en
55,2022-06-28T13:02:01.000Z,"STUMP REMOVAL
https://t.co/nesJrYccyF

#MachineLearning #DataScience #SQL #Cybersecurity #BigData #Analytics #AI #IIoT #Python #RStats #TensorFlow #JavaScript #ReactJS #CloudComputing #Serverless #DataScientist #Linux #Programming #Coding #100DaysofCode #NodeJS #GitHub #IoT",1498895274898771970,1541768883442356231,en
56,2022-06-28T13:01:54.000Z,"STUMP REMOVAL
https://t.co/c3gaJBORJa

#MachineLearning #DataScience #SQL #Cybersecurity #BigData #Analytics #AI #IIoT #Python #RStats #TensorFlow #JavaScript #ReactJS #CloudComputing #Serverless #DataScientist #Linux #Programming #Coding #100DaysofCode #NodeJS #GitHub #IoT",1497089425313964035,1541768854778499072,en
57,2022-06-28T13:01:46.000Z,"STUMP REMOVAL
https://t.co/YI0nHw70Nv

#MachineLearning #DataScience #SQL #Cybersecurity #BigData #Analytics #AI #IIoT #Python #RStats #TensorFlow #JavaScript #ReactJS #CloudComputing #Serverless #DataScientist #Linux #Programming #Coding #100DaysofCode #NodeJS #GitHub #IoT",1497962215617425411,1541768821643431936,en
58,2022-06-28T13:01:38.000Z,"STUMP REMOVAL
https://t.co/QmxnCcOFl5

#MachineLearning #DataScience #SQL #Cybersecurity #BigData #Analytics #AI #IIoT #Python #RStats #TensorFlow #JavaScript #ReactJS #CloudComputing #Serverless #DataScientist #Linux #Programming #Coding #100DaysofCode #NodeJS #GitHub #IoT",1533742158943256577,1541768788919873536,en
59,2022-06-28T13:01:31.000Z,"STUMP REMOVAL
https://t.co/uDkiusn0NX

#MachineLearning #DataScience #SQL #Cybersecurity #BigData #Analytics #AI #IIoT #Python #RStats #TensorFlow #JavaScript #ReactJS #CloudComputing #Serverless #DataScientist #Linux #Programming #Coding #100DaysofCode #NodeJS #GitHub #IoT",1449230846418771973,1541768760628940803,en
60,2022-06-28T13:01:17.000Z,"STUMP REMOVAL
https://t.co/ZY7AcCnaZC

#MachineLearning #DataScience #SQL #Cybersecurity #BigData #Analytics #AI #IIoT #Python #RStats #TensorFlow #JavaScript #ReactJS #CloudComputing #Serverless #DataScientist #Linux #Programming #Coding #100DaysofCode #NodeJS #GitHub #IoT https://t.co/CIWz40A53L",1488487086118215683,1541768700063166466,en
61,2022-06-28T13:00:09.000Z,"What is Github Copilot? it's an Artificial Intelligence made by Github and is working towards KILLING ALL HUMANS!!

#github #githubeducation #githubcopilot #softwaredeveloper #artificialintelligence #ai #python #coding #codingmemes #100DaysOfCode #codefor30days https://t.co/FAG4nXu0wD",1320381734882426881,1541768413579595776,en
62,2022-06-28T13:00:02.000Z,"#Hiring?
Sign up now https://t.co/o7lVlsl75X
FREE. NO MIDDLEMEN.
#Robotics #AIEthics #MachineLearning #AI #Python #DataScience #BigData #100DaysOfCode #Robots #fintech #insurtech #cybersecurity #blockchain #Bitcoin #coding #Cryptos #NFTGame #Job #Metaverse #ETH #Python #HR #DeFi https://t.co/jhEYjZNyCc",1332714745871421443,1541768387352838145,en
63,2022-06-28T13:00:02.000Z,"BUY PHONE VERIFIED GMAIL ACCOUNTS
https://t.co/IeEpt1xhzB

#MachineLearning #DataScience #Python #AI #100DaysOfCode #IoT #flutter #javascript #Serverless #CyberSecurity #getpvaaccount #tech #DDoS #DeepLearning #fintech #COVID19 #data #RPA #IIoT #5G #fz #cryptocurrecy https://t.co/asX70J8Yw0",1473995767492734976,1541768386236952576,en
64,2022-06-28T13:00:00.000Z,"Top 10 digital marketing Strategies
https://t.co/OhYdsZADFn
#Data #DataScience #BigData #Flutter #100DaysOfCode #coding #python #VR #AI #finserv #marketing #Digital #MWC22 #ReactJS #javascript 
#CodeNewbie #reactjs #bugbounty #DataScience #gamedev #BigData #Analytics https://t.co/cEMZp382fk",1511932634393640964,1541768376699469825,en
65,2022-06-28T12:59:14.000Z,"#FEATURED #COURSES

Machine Learning, Data Science and Deep Learning with Python

Complete hands-on #machine #learning tutorial with #data #science, #Tensorflow, #artificial #intelligence, and neural networks

https://t.co/PaHDf4fIL2

#python #100daysofcode #coding #udemy https://t.co/aPJZm8BxeJ",134434122,1541768185938051078,en
66,2022-06-28T12:59:12.000Z,"Need plumbing services in Murrieta?
https://t.co/mFLBL9E2Bb

#MachineLearning #DataScience #SQL #Cybersecurity #BigData #Analytics #AI #IIoT #Python #RStats #TensorFlow #JavaScript #ReactJS #CloudComputing #Serverless #DataScientist #Linux #Programming #Coding #100DaysofCode",1495653809317892099,1541768174039080962,en
67,2022-06-28T12:59:05.000Z,"Need plumbing services in Murrieta?
https://t.co/eeyMX67QTE

#MachineLearning #DataScience #SQL #Cybersecurity #BigData #Analytics #AI #IIoT #Python #RStats #TensorFlow #JavaScript #ReactJS #CloudComputing #Serverless #DataScientist #Linux #Programming #Coding #100DaysofCode",1498895274898771970,1541768147686260738,en
68,2022-06-28T12:59:01.000Z,"Need plumbing services in Murrieta?
https://t.co/RVpTet95FG

#MachineLearning #DataScience #SQL #Cybersecurity #BigData #Analytics #AI #IIoT #Python #RStats #TensorFlow #JavaScript #ReactJS #CloudComputing #Serverless #DataScientist #Linux #Programming #Coding #100DaysofCode",1497089425313964035,1541768128610283521,en
69,2022-06-28T12:58:53.000Z,"Need plumbing services in Murrieta?
https://t.co/jiL3sbFpv5

#MachineLearning #DataScience #SQL #Cybersecurity #BigData #Analytics #AI #IIoT #Python #RStats #TensorFlow #JavaScript #ReactJS #CloudComputing #Serverless #DataScientist #Linux #Programming #Coding #100DaysofCode",1497962215617425411,1541768097031282688,en
70,2022-06-28T12:58:48.000Z,"Need plumbing services in Murrieta?
https://t.co/pVioU7k6u2

#MachineLearning #DataScience #SQL #Cybersecurity #BigData #Analytics #AI #IIoT #Python #RStats #TensorFlow #JavaScript #ReactJS #CloudComputing #Serverless #DataScientist #Linux #Programming #Coding #100DaysofCode",1533742158943256577,1541768075347111936,en
71,2022-06-28T12:58:42.000Z,"Need plumbing services in Murrieta?
https://t.co/0zbS54QBgf

#MachineLearning #DataScience #SQL #Cybersecurity #BigData #Analytics #AI #IIoT #Python #RStats #TensorFlow #JavaScript #ReactJS #CloudComputing #Serverless #DataScientist #Linux #Programming #Coding #100DaysofCode",1449230846418771973,1541768051879661568,en
72,2022-06-28T12:58:30.000Z,"Need plumbing services in Murrieta?
https://t.co/UtfFgk5KEJ

#MachineLearning #DataScience #SQL #Cybersecurity #BigData #Analytics #AI #IIoT #Python #RStats #TensorFlow #JavaScript #ReactJS #CloudComputing #Serverless #DataScientist #Linux #Programming #Coding #100DaysofCode https://t.co/1XeDmXNd19",1488487086118215683,1541768000973312001,en
73,2022-06-28T12:57:35.000Z,"#objectorienteddesign #programming #coding #100daysofcode #softwaredevelopment #pythonprogramming 
Fluent Python: Clear, Concise, and Effective Programming

https://t.co/T22CQs0JMh",1528856711725031425,1541767770983075842,en
74,2022-06-28T12:57:02.000Z,"g. Balanced Binary Trees
- diff between height of left and right subtree for each node is either 0/1.
- also known as height-balanced BT
- good performance-wise; O(log n) for search, insert and delete. 

Git -  https://t.co/9Dth48BDGO

#100DaysOfCode #Day7 #DSA #LnGwithAS #python https://t.co/JqfYqlLyvH",1423675946410811394,1541767630880739329,en
75,2022-06-28T12:56:35.000Z,"SMOOTH MOVERS
https://t.co/7Fqwwwolb7

#ArtificialIntelligence #AI #ML #MachineLearning #DataScientists #innovation #CodeNewbies #Tech #deeplearning #CyberSecurity #nocode #Python #Coding  #javascript #rstats #100DaysOfCode #programming #SQL #MLOps #DataScience",1495653809317892099,1541767519643783168,en
76,2022-06-28T12:56:29.000Z,"SMOOTH MOVERS
https://t.co/6EbzVE0wJz

#ArtificialIntelligence #AI #ML #MachineLearning #DataScientists #innovation #CodeNewbies #Tech #deeplearning #CyberSecurity #nocode #Python #Coding  #javascript #rstats #100DaysOfCode #programming #SQL #MLOps #DataScience",1498895274898771970,1541767492175294465,en
77,2022-06-28T12:56:23.000Z,"SMOOTH MOVERS
https://t.co/vlyvFoiI2d

#ArtificialIntelligence #AI #ML #MachineLearning #DataScientists #innovation #CodeNewbies #Tech #deeplearning #CyberSecurity #nocode #Python #Coding  #javascript #rstats #100DaysOfCode #programming #SQL #MLOps #DataScience",1497089425313964035,1541767467919257603,en
78,2022-06-28T12:56:22.000Z,"Day 4 of #100DaysOfCode 

Wrote my first double join statement in SQL and it wasn't nearly as hard as I would have thought.

Attempted to get Python installed and working on my work laptop but there's a compatibility issue. https://t.co/UmSXjF2oaW",1422144719052812291,1541767461535621122,en
79,2022-06-28T12:56:16.000Z,"SMOOTH MOVERS
https://t.co/IvV28W9oAk

#ArtificialIntelligence #AI #ML #MachineLearning #DataScientists #innovation #CodeNewbies #Tech #deeplearning #CyberSecurity #nocode #Python #Coding  #javascript #rstats #100DaysOfCode #programming #SQL #MLOps #DataScience",1497962215617425411,1541767435891617793,en
80,2022-06-28T12:56:08.000Z,"SMOOTH MOVERS
https://t.co/HZyuruhFD8

#ArtificialIntelligence #AI #ML #MachineLearning #DataScientists #innovation #CodeNewbies #Tech #deeplearning #CyberSecurity #nocode #Python #Coding  #javascript #rstats #100DaysOfCode #programming #SQL #MLOps #DataScience",1533742158943256577,1541767405017645058,en
81,2022-06-28T12:56:02.000Z,"SMOOTH MOVERS
https://t.co/8vKd1TCIDo

#ArtificialIntelligence #AI #ML #MachineLearning #DataScientists #innovation #CodeNewbies #Tech #deeplearning #CyberSecurity #nocode #Python #Coding  #javascript #rstats #100DaysOfCode #programming #SQL #MLOps #DataScience",1449230846418771973,1541767379100655616,en
82,2022-06-28T12:55:51.000Z,"SMOOTH MOVERS
https://t.co/I07Ji1ymOH

#ArtificialIntelligence #AI #ML #MachineLearning #DataScientists #innovation #CodeNewbies #Tech #deeplearning #CyberSecurity #nocode #Python #Coding  #javascript #rstats #100DaysOfCode #programming #SQL #MLOps #DataScience https://t.co/8zdGfDz9TO",1488487086118215683,1541767331247927297,en
83,2022-06-28T12:54:32.000Z,"Check out my Gig on Fiverr: I will do 3 modern creative minimalist logo design https://t.co/RUrzVdNNeY 
#logo #design #Mufc #HJPatel #blogger #PyTorch #machinelearning #DataScience #Python #TensorFlow #JavaScript #ReactJS #Flutter #CloudComputing  #WomenWhoCode #100DaysOfCode",1519045274651754496,1541767000808366081,en
84,2022-06-28T12:54:30.000Z,"#DataScience #Interview Q - I flip a coin twice. What is the probability that he will flip heads twice

#Math #Mathematics #stats #Calculus 
#SQL #Python #Python3 #100DaysOfCode #100daysofmlcode #BigData #Analytics #AI #JavaScript #DataScientist #Coding #MachineLearning",1045955892338778113,1541766994508365825,en
85,2022-06-28T12:54:02.000Z,"Simply Bliss Med Spa Best Skin Treatment in Omaha USA 
https://t.co/VvWAWat0BA
#spatherapy #medispa #skinpolish #medispainusa #simplyblissmedispa #wellness #skinwellness #spa #spatreatment #python #100daysofcode #nlp #AI #MachineLearning #ML https://t.co/PmM916LiI5",1511932634393640964,1541766874417221633,en
86,2022-06-28T12:53:01.000Z,"Day28
Completed: Dict comprehension,pandas.iterrows() .
Then basic of tkinter .
 *args,**kwargs.
Completed first GUI program  to convert km to miles.
#100DaysOfCode https://t.co/8zhRiHIaeY",1539245700747345922,1541766619478769665,en
87,2022-06-28T12:52:00.000Z,#Coding #SoftwareDevelopment #JavaScript Python Programming #100DaysOfCode #TechIsHiring #RemoteWork Github https://t.co/RLI0A1iuuc,263601566,1541766365123854336,et
88,2022-06-28T12:51:45.000Z,"Dm for all hacking services

#MachineLearning #AI #Python #DataScience #BigData
#DeepLearning #IoT #100DaysOfCode #5G #robots #tech
#ArtificialIntelligence #NLP #cloud #4IR #cybersecurity https://t.co/zdQGI4FXoZ https://t.co/o3fAMUE246 https://t.co/sYdv825gH6",1045955892338778113,1541766299256340480,en
89,2022-06-28T12:51:09.000Z,"TurboHire is thrilled to be a part of @THubHyd launch event today. Know more about us: https://t.co/XW2iyjCz0F

#MachineLearning #100DaysOfCode #Python #Cybersecurity #BigData #AI #DeepLearning #ArtificialIntelligence #NLP #robots #Industry40 #tech #DEVCommunity
#javascript https://t.co/Ha9SOQtCwR",1173868069237575680,1541766151646375936,en
90,2022-06-28T12:50:24.000Z,"""If you can handle rejection, you'll learn to get everything you want.""- Tony Robbins #softwareengineer #javascript #python #C++ #golang #nodejs #reactjs #stockopertor #highgrowthstocks $SPX $QQQ $RUT $VIX #canslim #100DaysOfCode",1243665419501744133,1541765962470494212,en
91,2022-06-28T12:50:00.000Z,"#Hiring?
Sign up now https://t.co/o7lVlsCHXv
FREE. NO MIDDLEMEN.
#Robotics #AIEthics #MachineLearning #AI #Python #DataScience #BigData #100DaysOfCode #Robots #fintech #insurtech #cybersecurity #blockchain #Bitcoin #coding #Cryptos #NFTGame #Job #Metaverse #ETH #Python #HR #DeFi https://t.co/3xFJb0zWzx",1332714745871421443,1541765859730894849,en
92,2022-06-28T12:48:18.000Z,"RoadMap to learn Python in 21 Daysüë®‚Äçüíªü•∂

Link to the video: https://t.co/qdniAktMLO

Please hit the Follow button for more. ‚ô•Ô∏è

#developers #tech #coding #Python #webdev #web #developer #code #programming #webdevelopment #learncoding #100daysofcode #devcommunity",1325323473309163521,1541765432532537344,en
93,2022-06-28T12:47:13.000Z,"Day 4 of #100DaysOfCode 

Wrote my first double join statement in SQL and it wasn't nearly as hard as I would have thought.

Attempted to get Python installed and working on my work laptop but there's a compatibility issue. https://t.co/Kcc5XnHyy1",514066055,1541765160792121349,en
94,2022-06-28T12:46:26.000Z,"#tf #python3 #python #tensorflow #naturallanguageprocessing #100daysofcode #coding #programming

https://t.co/t5MP6EUUns
 
Deep Learning with TensorFlow 2 and Keras: Regression, ConvNets, GANs, RNNs, NLP, and more with TensorFlow 2 and the Keras API, 2nd Edition",1528856711725031425,1541764963139829760,en
95,2022-06-28T12:46:16.000Z,"Best business Telecom company in Arizona
https://t.co/vdqIbGRFQ7
#business #TelecomServices #telecomindustry #TelecomSector #TelecomCompany #BusinessNews #python #100daysofcode #nlp #AI #MachineLearning 
#Python3 #SmartNews #smart #smarthome #sellingcontent https://t.co/ELUaMLwsdA",1511932634393640964,1541764920353894400,en
96,2022-06-28T12:45:16.000Z,"javascript 
python 
html
css
Programming language that best to learn 
#100DaysOfCode 
#javascript",363533675,1541764671346196480,en
97,2022-06-28T12:44:50.000Z,"#neuralnetworks #cloudcomputing #appdevelopment #visualization #patternrecognition #100daysofcode

Practical Deep Learning for Cloud, Mobile, and Edge: Real-World AI &amp; Computer-Vision Projects Using Python, Keras &amp; TensorFlow
 
https://t.co/EOszu3tZig",1528856711725031425,1541764559995904002,en
98,2022-06-28T12:44:17.000Z,"Free sign-up - Win unto $200 Fantasy Sport- An Emerging Multi-Billion Dollar Industry with the Most Popular Sports 

 https://t.co/riFqYtkHYA #footballclub 
@footballleagues
#baseballseason #baseballleagues #fantasyplayer #socialmediagame #python #100DaysOfCode #NLP https://t.co/x3VFsJKzW6",1511932634393640964,1541764421185576961,en
99,2022-06-28T12:44:10.000Z,"Recover unsent messages with #Recoverx
https://t.co/LX44Nq3dTN 

#recover #unsent #messages #whatsapp #messenger #AI #MachineLearning #DataScience #Analytics #Robotics #innovation #Python #Flutter #TensorFlow #JavaScript #NLP #marketing #coding #NodeJS #TechForGood #100DaysofCode",1304009719443591170,1541764391334461440,en
